handle,title,audience,notes,seasons,times,occasions,all_tags
sweet-trouble-5ml-travel-size-edp,Sweet Trouble — 5ml Travel Size,female,"citrus-accord, floral-accord, musk, rose, vanilla",all-season,evening,"everyday, date-night, signature-scent","niche:taxonomy:v1, niche:audience:female, niche:note:citrus-accord, niche:note:floral-accord, niche:note:musk, niche:note:rose, niche:note:vanilla, niche:season:all-season, niche:time:evening, niche:occasion:everyday, niche:occasion:date-night, niche:occasion:signature-scent"
verdict-5ml-travel-size-edp,Verdict — 5ml Travel Size,unisex,"bergamot, cedar, floral-accord, fruity-accord, grapefruit, jasmine, moss, patchouli, pineapple, woody-accord",all-season,day-to-night,"everyday, signature-scent","niche:taxonomy:v1, niche:audience:unisex, niche:note:bergamot, niche:note:cedar, niche:note:floral-accord, niche:note:fruity-accord, niche:note:grapefruit, niche:note:jasmine, niche:note:moss, niche:note:patchouli, niche:note:pineapple, niche:note:woody-accord, niche:season:all-season, niche:time:day-to-night, niche:occasion:everyday, niche:occasion:signature-scent"
maverick-5ml-travel-size-edp,Maverick — 5ml Travel Size,male,"amber, apple, bergamot, cedar, floral-accord, ginger, sage, tonka-bean, woody-accord",all-season,day-to-night,"everyday, signature-scent","niche:taxonomy:v1, niche:audience:male, niche:note:amber, niche:note:apple, niche:note:bergamot, niche:note:cedar, niche:note:floral-accord, niche:note:ginger, niche:note:sage, niche:note:tonka-bean, niche:note:woody-accord, niche:season:all-season, niche:time:day-to-night, niche:occasion:everyday, niche:occasion:signature-scent"
golden-hour-5ml-travel-size-eau-de-parfum,Golden Hour — 5ml Travel Size,unisex,"citrus-accord, floral-accord, fruity-accord, musk, woody-accord",all-season,evening,date-night,"niche:taxonomy:v1, niche:audience:unisex, niche:note:citrus-accord, niche:note:floral-accord, niche:note:fruity-accord, niche:note:musk, niche:note:woody-accord, niche:season:all-season, niche:time:evening, niche:occasion:date-night"
kingpin-5ml-travel-size-edp,Kingpin — 5ml Travel Size,unisex,"bergamot, cinnamon, honey, lavender, lemon, tobacco, tonka-bean, vanilla, woody-accord","autumn, winter","evening, night","date-night, special-occasion","niche:taxonomy:v1, niche:audience:unisex, niche:note:bergamot, niche:note:cinnamon, niche:note:honey, niche:note:lavender, niche:note:lemon, niche:note:tobacco, niche:note:tonka-bean, niche:note:vanilla, niche:note:woody-accord, niche:season:autumn, niche:season:winter, niche:time:evening, niche:time:night, niche:occasion:date-night, niche:occasion:special-occasion"
epoch-5ml-travel-size-edp,Epoch — 5ml Travel Size,unisex,"amber, citrus-accord, floral-accord, musk, woody-accord","autumn, winter",evening,office,"niche:taxonomy:v1, niche:audience:unisex, niche:note:amber, niche:note:citrus-accord, niche:note:floral-accord, niche:note:musk, niche:note:woody-accord, niche:season:autumn, niche:season:winter, niche:time:evening, niche:occasion:office"
bombshell-5ml-travel-size-edp,Bombshell — 5ml Travel Size,female,"citrus-accord, floral-accord, fruity-accord, musk, vanilla, woody-accord","autumn, winter","evening, night","date-night, special-occasion","niche:taxonomy:v1, niche:audience:female, niche:note:citrus-accord, niche:note:floral-accord, niche:note:fruity-accord, niche:note:musk, niche:note:vanilla, niche:note:woody-accord, niche:season:autumn, niche:season:winter, niche:time:evening, niche:time:night, niche:occasion:date-night, niche:occasion:special-occasion"
halo-5ml-travel-size-eau-de-parfum,Halo — 5ml Travel Size,female,"bergamot, blackberry, cedar, floral-accord, fruity-accord, jasmine, lily, mandarin, musk, peach, sandalwood, tuberose, vanilla, violet, woody-accord, ylang-ylang",all-season,day-to-night,"date-night, everyday","niche:taxonomy:v1, niche:audience:female, niche:note:bergamot, niche:note:blackberry, niche:note:cedar, niche:note:floral-accord, niche:note:fruity-accord, niche:note:jasmine, niche:note:lily, niche:note:mandarin, niche:note:musk, niche:note:peach, niche:note:sandalwood, niche:note:tuberose, niche:note:vanilla, niche:note:violet, niche:note:woody-accord, niche:note:ylang-ylang, niche:season:all-season, niche:time:day-to-night, niche:occasion:date-night, niche:occasion:everyday"
blacklist-5ml-travel-size-edp,Blacklist — 5ml Travel Size,unisex,"amber, floral-accord, musk, resins, smoke, spicy-accord, woody-accord","autumn, winter",evening,"date-night, special-occasion","niche:taxonomy:v1, niche:audience:unisex, niche:note:amber, niche:note:floral-accord, niche:note:musk, niche:note:resins, niche:note:smoke, niche:note:spicy-accord, niche:note:woody-accord, niche:season:autumn, niche:season:winter, niche:time:evening, niche:occasion:date-night, niche:occasion:special-occasion"
regent-5ml-travel-size-edp,Regent — 5ml Travel Size,unisex,"amber, citrus-accord, floral-accord, musk, spicy-accord, woody-accord","autumn, winter","evening, night","everyday, formal","niche:taxonomy:v1, niche:audience:unisex, niche:note:amber, niche:note:citrus-accord, niche:note:floral-accord, niche:note:musk, niche:note:spicy-accord, niche:note:woody-accord, niche:season:autumn, niche:season:winter, niche:time:evening, niche:time:night, niche:occasion:everyday, niche:occasion:formal"
regent-by-niche-eau-de-parfum-inspired-by-pdms-castley,Regent — Eau de Parfum,unisex,"amber, citrus-accord, floral-accord, musk, spicy-accord, woody-accord","autumn, winter","evening, night","everyday, formal","niche:taxonomy:v1, niche:audience:unisex, niche:note:amber, niche:note:citrus-accord, niche:note:floral-accord, niche:note:musk, niche:note:spicy-accord, niche:note:woody-accord, niche:season:autumn, niche:season:winter, niche:time:evening, niche:time:night, niche:occasion:everyday, niche:occasion:formal"
blacklist-by-niche-eau-de-parfum-inspired-by-giorgio-armanis-noir-kogane,Blacklist — Eau de Parfum,unisex,"amber, floral-accord, musk, resins, smoke, spicy-accord, woody-accord","autumn, winter",evening,"date-night, special-occasion","niche:taxonomy:v1, niche:audience:unisex, niche:note:amber, niche:note:floral-accord, niche:note:musk, niche:note:resins, niche:note:smoke, niche:note:spicy-accord, niche:note:woody-accord, niche:season:autumn, niche:season:winter, niche:time:evening, niche:occasion:date-night, niche:occasion:special-occasion"
bombshell-by-niche-eau-de-parfum-inspired-by-carolina-hereras-la-bomba,Bombshell — Eau de Parfum,female,"citrus-accord, floral-accord, fruity-accord, musk, vanilla, woody-accord","autumn, winter","evening, night","date-night, special-occasion","niche:taxonomy:v1, niche:audience:female, niche:note:citrus-accord, niche:note:floral-accord, niche:note:fruity-accord, niche:note:musk, niche:note:vanilla, niche:note:woody-accord, niche:season:autumn, niche:season:winter, niche:time:evening, niche:time:night, niche:occasion:date-night, niche:occasion:special-occasion"
epoch-by-niche-eau-de-parfum-inspired-by-ex-nihilos-generation,Epoch — Eau de Parfum,unisex,"amber, citrus-accord, floral-accord, musk, woody-accord","autumn, winter",evening,office,"niche:taxonomy:v1, niche:audience:unisex, niche:note:amber, niche:note:citrus-accord, niche:note:floral-accord, niche:note:musk, niche:note:woody-accord, niche:season:autumn, niche:season:winter, niche:time:evening, niche:occasion:office"
sweet-trouble-by-niche-eau-de-parfum-inspired-by-carolina-herreras-good-girl-blush,Sweet Trouble — Eau de Parfum,female,"citrus-accord, floral-accord, musk, rose, vanilla",all-season,evening,"everyday, date-night, signature-scent","niche:taxonomy:v1, niche:audience:female, niche:note:citrus-accord, niche:note:floral-accord, niche:note:musk, niche:note:rose, niche:note:vanilla, niche:season:all-season, niche:time:evening, niche:occasion:everyday, niche:occasion:date-night, niche:occasion:signature-scent"
halo-by-niche-eau-de-parfum-inspired-by-rojas-elysium,Halo — Eau de Parfum,female,"bergamot, blackberry, cedar, floral-accord, fruity-accord, jasmine, lily, mandarin, musk, peach, sandalwood, tuberose, vanilla, violet, woody-accord, ylang-ylang",all-season,day-to-night,"date-night, everyday","niche:taxonomy:v1, niche:audience:female, niche:note:bergamot, niche:note:blackberry, niche:note:cedar, niche:note:floral-accord, niche:note:fruity-accord, niche:note:jasmine, niche:note:lily, niche:note:mandarin, niche:note:musk, niche:note:peach, niche:note:sandalwood, niche:note:tuberose, niche:note:vanilla, niche:note:violet, niche:note:woody-accord, niche:note:ylang-ylang, niche:season:all-season, niche:time:day-to-night, niche:occasion:date-night, niche:occasion:everyday"
golden-hour-by-niche-eau-de-parfum-inspired-by-byredos-bal-dafrique,Golden Hour — Eau de Parfum,unisex,"citrus-accord, floral-accord, fruity-accord, musk, woody-accord",all-season,evening,date-night,"niche:taxonomy:v1, niche:audience:unisex, niche:note:citrus-accord, niche:note:floral-accord, niche:note:fruity-accord, niche:note:musk, niche:note:woody-accord, niche:season:all-season, niche:time:evening, niche:occasion:date-night"
maverick-by-niche-eau-de-parfum-inspired-by-yslss-y,Maverick — Eau de Parfum,male,"amber, apple, bergamot, cedar, floral-accord, ginger, sage, tonka-bean, woody-accord",all-season,day-to-night,"everyday, signature-scent","niche:taxonomy:v1, niche:audience:male, niche:note:amber, niche:note:apple, niche:note:bergamot, niche:note:cedar, niche:note:floral-accord, niche:note:ginger, niche:note:sage, niche:note:tonka-bean, niche:note:woody-accord, niche:season:all-season, niche:time:day-to-night, niche:occasion:everyday, niche:occasion:signature-scent"
verdict-by-niche-eau-de-parfum-inspired-by-nishanes-hacivat,Verdict — Eau de Parfum,unisex,"bergamot, cedar, floral-accord, fruity-accord, grapefruit, jasmine, moss, patchouli, pineapple, woody-accord",all-season,day-to-night,"everyday, signature-scent","niche:taxonomy:v1, niche:audience:unisex, niche:note:bergamot, niche:note:cedar, niche:note:floral-accord, niche:note:fruity-accord, niche:note:grapefruit, niche:note:jasmine, niche:note:moss, niche:note:patchouli, niche:note:pineapple, niche:note:woody-accord, niche:season:all-season, niche:time:day-to-night, niche:occasion:everyday, niche:occasion:signature-scent"
kingpin-by-niche-eau-de-parfum-inspired-by-xerjoffs-naxos,Kingpin — Eau de Parfum,unisex,"bergamot, cinnamon, honey, lavender, lemon, tobacco, tonka-bean, vanilla, woody-accord","autumn, winter","evening, night","date-night, special-occasion","niche:taxonomy:v1, niche:audience:unisex, niche:note:bergamot, niche:note:cinnamon, niche:note:honey, niche:note:lavender, niche:note:lemon, niche:note:tobacco, niche:note:tonka-bean, niche:note:vanilla, niche:note:woody-accord, niche:season:autumn, niche:season:winter, niche:time:evening, niche:time:night, niche:occasion:date-night, niche:occasion:special-occasion"
musk-petal-by-niche-eau-de-parfum-inspired-by-narciso-rodriguezs-narciso-poudree-1,Musk Petale — Eau de Parfum,female,"cedar, coumarin, floral-accord, jasmine, musk, neroli, patchouli, rose, vetiver, woody-accord",all-season,day-to-night,"office, date-night, signature-scent, everyday","niche:taxonomy:v1, niche:audience:female, niche:note:cedar, niche:note:coumarin, niche:note:floral-accord, niche:note:jasmine, niche:note:musk, niche:note:neroli, niche:note:patchouli, niche:note:rose, niche:note:vetiver, niche:note:woody-accord, niche:season:all-season, niche:time:day-to-night, niche:occasion:office, niche:occasion:date-night, niche:occasion:signature-scent, niche:occasion:everyday"
sovereign-by-niche-eau-de-parfum-inspired-by-pdms-layton-copy,Sovereign — Eau de Parfum,unisex,"apple, bergamot, cardamom, citrus-accord, coumarin, floral-accord, fruity-accord, jasmine, lavender, mandarin, patchouli, pepper, sandalwood, vanilla, violet, woody-accord",all-season,"day, evening","date-night, everyday","niche:taxonomy:v1, niche:audience:unisex, niche:note:apple, niche:note:bergamot, niche:note:cardamom, niche:note:citrus-accord, niche:note:coumarin, niche:note:floral-accord, niche:note:fruity-accord, niche:note:jasmine, niche:note:lavender, niche:note:mandarin, niche:note:patchouli, niche:note:pepper, niche:note:sandalwood, niche:note:vanilla, niche:note:violet, niche:note:woody-accord, niche:season:all-season, niche:time:day, niche:time:evening, niche:occasion:date-night, niche:occasion:everyday"
sable-noir-by-nich-eau-de-parfum-inspired-by-diors-homme-intense-copy,Sable Noir — Eau de Parfum,unisex,"cedar, floral-accord, iris, musk, woody-accord","autumn, winter",evening,"date-night, special-occasion","niche:taxonomy:v1, niche:audience:unisex, niche:note:cedar, niche:note:floral-accord, niche:note:iris, niche:note:musk, niche:note:woody-accord, niche:season:autumn, niche:season:winter, niche:time:evening, niche:occasion:date-night, niche:occasion:special-occasion"
sable-noir-5ml-travel-size-edp-copy,Sable Noir — 5ml Travel Size,unisex,"cedar, floral-accord, iris, musk, woody-accord","autumn, winter",evening,"date-night, special-occasion","niche:taxonomy:v1, niche:audience:unisex, niche:note:cedar, niche:note:floral-accord, niche:note:iris, niche:note:musk, niche:note:woody-accord, niche:season:autumn, niche:season:winter, niche:time:evening, niche:occasion:date-night, niche:occasion:special-occasion"
musk-petale-5ml-travel-size-edp-1,Musk Petale — 5ml Travel Size,female,"cedar, coumarin, floral-accord, jasmine, musk, neroli, patchouli, rose, vetiver, woody-accord",all-season,day-to-night,"office, date-night, signature-scent, everyday","niche:taxonomy:v1, niche:audience:female, niche:note:cedar, niche:note:coumarin, niche:note:floral-accord, niche:note:jasmine, niche:note:musk, niche:note:neroli, niche:note:patchouli, niche:note:rose, niche:note:vetiver, niche:note:woody-accord, niche:season:all-season, niche:time:day-to-night, niche:occasion:office, niche:occasion:date-night, niche:occasion:signature-scent, niche:occasion:everyday"
argento-vivo-by-niche-eau-de-parfum-inspired-by-xerjoffs-torino-24,Argento Vivo — Eau de Parfum,unisex,"bergamot, citrus-accord, floral-accord, fruity-accord, mandarin, mango, marine-accord, moss, musk, neroli, patchouli, plum, resins","spring, summer","day, evening","everyday, office, casual","niche:taxonomy:v1, niche:audience:unisex, niche:note:bergamot, niche:note:citrus-accord, niche:note:floral-accord, niche:note:fruity-accord, niche:note:mandarin, niche:note:mango, niche:note:marine-accord, niche:note:moss, niche:note:musk, niche:note:neroli, niche:note:patchouli, niche:note:plum, niche:note:resins, niche:season:spring, niche:season:summer, niche:time:day, niche:time:evening, niche:occasion:everyday, niche:occasion:office, niche:occasion:casual"
vanilla-cigar-by-niche-eau-de-parfum-inspired-by-tom-fords-tobacco-vanille,Vanilla Cigar — Eau de Parfum,unisex,"floral-accord, smoke, spicy-accord, tobacco, tonka-bean, vanilla, woody-accord","autumn, winter",evening,"date-night, special-occasion","niche:taxonomy:v1, niche:audience:unisex, niche:note:floral-accord, niche:note:smoke, niche:note:spicy-accord, niche:note:tobacco, niche:note:tonka-bean, niche:note:vanilla, niche:note:woody-accord, niche:season:autumn, niche:season:winter, niche:time:evening, niche:occasion:date-night, niche:occasion:special-occasion"
eclipse-by-niche-eau-de-parfum-inspired-by-amouages-interlude,Eclipse — Eau de Parfum,unisex,"amber, bergamot, incense, leather, oud, patchouli, pepper, resins, sandalwood, smoke, woody-accord","autumn, winter",evening,"date-night, special-occasion","niche:taxonomy:v1, niche:audience:unisex, niche:note:amber, niche:note:bergamot, niche:note:incense, niche:note:leather, niche:note:oud, niche:note:patchouli, niche:note:pepper, niche:note:resins, niche:note:sandalwood, niche:note:smoke, niche:note:woody-accord, niche:season:autumn, niche:season:winter, niche:time:evening, niche:occasion:date-night, niche:occasion:special-occasion"
vice-noir-by-niche-eau-de-parfum-inspired-by-tom-fords-black-orchid,Vice Noir — Eau de Parfum,unisex,"amber, bergamot, black-currant, citrus-accord, floral-accord, fruity-accord, gardenia, incense, jasmine, lemon, mandarin, musk, patchouli, sandalwood, vanilla, vetiver, woody-accord, ylang-ylang","autumn, winter",evening,date-night,"niche:taxonomy:v1, niche:audience:unisex, niche:note:amber, niche:note:bergamot, niche:note:black-currant, niche:note:citrus-accord, niche:note:floral-accord, niche:note:fruity-accord, niche:note:gardenia, niche:note:incense, niche:note:jasmine, niche:note:lemon, niche:note:mandarin, niche:note:musk, niche:note:patchouli, niche:note:sandalwood, niche:note:vanilla, niche:note:vetiver, niche:note:woody-accord, niche:note:ylang-ylang, niche:season:autumn, niche:season:winter, niche:time:evening, niche:occasion:date-night"
demitasse-by-niche-eau-de-parfum-inspired-by-montales-cafe-intense,Demitasse — Eau de Parfum,unisex,"amber, coffee, floral-accord, musk, rose, vanilla","autumn, winter",day-to-night,"date-night, everyday","niche:taxonomy:v1, niche:audience:unisex, niche:note:amber, niche:note:coffee, niche:note:floral-accord, niche:note:musk, niche:note:rose, niche:note:vanilla, niche:season:autumn, niche:season:winter, niche:time:day-to-night, niche:occasion:date-night, niche:occasion:everyday"
oud-tabac-by-niche-eau-de-parfum-inspired-by-tom-fords-tobacco-oud,Oud Tabac — Eau de Parfum,unisex,"benzoin, cedar, cinnamon, incense, oud, patchouli, resins, rum, sandalwood, smoke, spicy-accord, tobacco, vanilla, woody-accord",winter,evening,"date-night, signature-scent","niche:taxonomy:v1, niche:audience:unisex, niche:note:benzoin, niche:note:cedar, niche:note:cinnamon, niche:note:incense, niche:note:oud, niche:note:patchouli, niche:note:resins, niche:note:rum, niche:note:sandalwood, niche:note:smoke, niche:note:spicy-accord, niche:note:tobacco, niche:note:vanilla, niche:note:woody-accord, niche:season:winter, niche:time:evening, niche:occasion:date-night, niche:occasion:signature-scent"
crema-biancha-by-niche-eau-de-parfum-inspired-by-giardini-di-toscanas-biancho-latte,Crema Biancha — Eau de Parfum,unisex,"caramel, coumarin, honey, musk, vanilla","autumn, winter","evening, night","date-night, signature-scent","niche:taxonomy:v1, niche:audience:unisex, niche:note:caramel, niche:note:coumarin, niche:note:honey, niche:note:musk, niche:note:vanilla, niche:season:autumn, niche:season:winter, niche:time:evening, niche:time:night, niche:occasion:date-night, niche:occasion:signature-scent"
bois-dor-by-niche-eau-de-parfum-inspired-by-pdms-pegasus,Bois d’Or — Eau de Parfum,male,"amber, bergamot, floral-accord, jasmine, lavender, sandalwood, vanilla, woody-accord","autumn, winter","day, evening","date-night, special-occasion","niche:taxonomy:v1, niche:audience:male, niche:note:amber, niche:note:bergamot, niche:note:floral-accord, niche:note:jasmine, niche:note:lavender, niche:note:sandalwood, niche:note:vanilla, niche:note:woody-accord, niche:season:autumn, niche:season:winter, niche:time:day, niche:time:evening, niche:occasion:date-night, niche:occasion:special-occasion"
oud-seduction-by-niche-eau-de-parfum-inspired-by-maison-crivellis-oud-maracuja,Oud Seduction — Eau de Parfum,unisex,"amber, benzoin, fruity-accord, leather, oud, patchouli, resins, rose, saffron, spicy-accord, vanilla","autumn, winter","evening, night","date-night, special-occasion","niche:taxonomy:v1, niche:audience:unisex, niche:note:amber, niche:note:benzoin, niche:note:fruity-accord, niche:note:leather, niche:note:oud, niche:note:patchouli, niche:note:resins, niche:note:rose, niche:note:saffron, niche:note:spicy-accord, niche:note:vanilla, niche:season:autumn, niche:season:winter, niche:time:evening, niche:time:night, niche:occasion:date-night, niche:occasion:special-occasion"
santal-oud-by-niche-eau-de-parfum-inspired-by-tom-fords-oud-wood,Santal & Oud — Eau de Parfum,unisex,"amber, cardamom, oud, patchouli, pepper, sandalwood, smoke, spicy-accord, tonka-bean, vanilla, vetiver, woody-accord","autumn, winter",day-to-night,"date-night, everyday","niche:taxonomy:v1, niche:audience:unisex, niche:note:amber, niche:note:cardamom, niche:note:oud, niche:note:patchouli, niche:note:pepper, niche:note:sandalwood, niche:note:smoke, niche:note:spicy-accord, niche:note:tonka-bean, niche:note:vanilla, niche:note:vetiver, niche:note:woody-accord, niche:season:autumn, niche:season:winter, niche:time:day-to-night, niche:occasion:date-night, niche:occasion:everyday"
tabac-rouge-by-niche-eau-de-parfum-inspired-by-manceras-red-tobacco,Tabac Rouge — Eau de Parfum,unisex,"amber, apple, cinnamon, incense, jasmine, musk, oud, patchouli, pear, saffron, sandalwood, smoke, tobacco, vanilla, vetiver, woody-accord","autumn, winter",evening,"date-night, signature-scent","niche:taxonomy:v1, niche:audience:unisex, niche:note:amber, niche:note:apple, niche:note:cinnamon, niche:note:incense, niche:note:jasmine, niche:note:musk, niche:note:oud, niche:note:patchouli, niche:note:pear, niche:note:saffron, niche:note:sandalwood, niche:note:smoke, niche:note:tobacco, niche:note:vanilla, niche:note:vetiver, niche:note:woody-accord, niche:season:autumn, niche:season:winter, niche:time:evening, niche:occasion:date-night, niche:occasion:signature-scent"
flesh-flame-by-niche-eau-de-parfum-inspired-by-stephane-humbert-lucass-god-of-fire,Flesh & Flame — Eau de Parfum,unisex,"amber, cedar, coumarin, ginger, jasmine, lemon, mango, musk, oud, resins, smoke, spicy-accord, woody-accord","autumn, winter",day-to-night,"date-night, everyday","niche:taxonomy:v1, niche:audience:unisex, niche:note:amber, niche:note:cedar, niche:note:coumarin, niche:note:ginger, niche:note:jasmine, niche:note:lemon, niche:note:mango, niche:note:musk, niche:note:oud, niche:note:resins, niche:note:smoke, niche:note:spicy-accord, niche:note:woody-accord, niche:season:autumn, niche:season:winter, niche:time:day-to-night, niche:occasion:date-night, niche:occasion:everyday"
brume-azur-by-niche-eau-de-parfum-inspired-by-lvs-pacific-chill,Brume Azur — Eau de Parfum,unisex,"black-currant, citrus-accord, fig, floral-accord, fruity-accord, lemon, musk, rose","spring, summer",evening,"everyday, casual, signature-scent","niche:taxonomy:v1, niche:audience:unisex, niche:note:black-currant, niche:note:citrus-accord, niche:note:fig, niche:note:floral-accord, niche:note:fruity-accord, niche:note:lemon, niche:note:musk, niche:note:rose, niche:season:spring, niche:season:summer, niche:time:evening, niche:occasion:everyday, niche:occasion:casual, niche:occasion:signature-scent"
abyssea-by-niche-eau-de-parfum-inspired-by-orto-parisis-megamare,Abysséa — Eau de Parfum,unisex,"ambroxan, bergamot, cedar, citrus-accord, lemon, marine-accord, musk, woody-accord","spring, summer",day,"office, everyday","niche:taxonomy:v1, niche:audience:unisex, niche:note:ambroxan, niche:note:bergamot, niche:note:cedar, niche:note:citrus-accord, niche:note:lemon, niche:note:marine-accord, niche:note:musk, niche:note:woody-accord, niche:season:spring, niche:season:summer, niche:time:day, niche:occasion:office, niche:occasion:everyday"
ivory-bloom-by-niche-eau-de-parfum-inspired-by-kayalis-deja-vu-white-flower,Ivory Bloom — Eau de Parfum,female,"floral-accord, fruity-accord, gardenia, jasmine, neroli, patchouli, pear, sandalwood, tuberose, vanilla, woody-accord","autumn, winter","day, evening","date-night, everyday","niche:taxonomy:v1, niche:audience:female, niche:note:floral-accord, niche:note:fruity-accord, niche:note:gardenia, niche:note:jasmine, niche:note:neroli, niche:note:patchouli, niche:note:pear, niche:note:sandalwood, niche:note:tuberose, niche:note:vanilla, niche:note:woody-accord, niche:season:autumn, niche:season:winter, niche:time:day, niche:time:evening, niche:occasion:date-night, niche:occasion:everyday"
muse-by-niche-eau-de-parfum-inspired-by-burberrys-her,Muse — Eau de Parfum,female,"amber, black-currant, blackberry, cherry, citrus-accord, floral-accord, fruity-accord, jasmine, lemon, mandarin, moss, musk, patchouli, raspberry, vanilla, violet, woody-accord","autumn, winter","evening, night","everyday, date-night","niche:taxonomy:v1, niche:audience:female, niche:note:amber, niche:note:black-currant, niche:note:blackberry, niche:note:cherry, niche:note:citrus-accord, niche:note:floral-accord, niche:note:fruity-accord, niche:note:jasmine, niche:note:lemon, niche:note:mandarin, niche:note:moss, niche:note:musk, niche:note:patchouli, niche:note:raspberry, niche:note:vanilla, niche:note:violet, niche:note:woody-accord, niche:season:autumn, niche:season:winter, niche:time:evening, niche:time:night, niche:occasion:everyday, niche:occasion:date-night"
royal-violet-by-niche-eau-de-parfum-inspired-by-pdms-platine,Royal Violet — Eau de Parfum,female,"bergamot, citrus-accord, floral-accord, lavender, mandarin, musk, patchouli, pear, sandalwood, vanilla, violet, woody-accord",all-season,evening,signature-scent,"niche:taxonomy:v1, niche:audience:female, niche:note:bergamot, niche:note:citrus-accord, niche:note:floral-accord, niche:note:lavender, niche:note:mandarin, niche:note:musk, niche:note:patchouli, niche:note:pear, niche:note:sandalwood, niche:note:vanilla, niche:note:violet, niche:note:woody-accord, niche:season:all-season, niche:time:evening, niche:occasion:signature-scent"
numero-1-by-niche-eau-de-parfum-inspired-by-chanels-n-1,Numero 1 — Eau de Parfum,female,"floral-accord, iris, jasmine, musk, neroli, rose",all-season,day-to-night,"everyday, date-night","niche:taxonomy:v1, niche:audience:female, niche:note:floral-accord, niche:note:iris, niche:note:jasmine, niche:note:musk, niche:note:neroli, niche:note:rose, niche:season:all-season, niche:time:day-to-night, niche:occasion:everyday, niche:occasion:date-night"
litchi-absolu-by-niche-eau-de-parfum-inspired-by-kayalis-eden-sparkling-lychee,Litchi Absolu — Eau de Parfum,female,"amber, apple, black-currant, cedar, citrus-accord, floral-accord, fruity-accord, jasmine, lemon, musk, rose, sandalwood, vanilla, violet, woody-accord","autumn, winter",evening,"date-night, signature-scent","niche:taxonomy:v1, niche:audience:female, niche:note:amber, niche:note:apple, niche:note:black-currant, niche:note:cedar, niche:note:citrus-accord, niche:note:floral-accord, niche:note:fruity-accord, niche:note:jasmine, niche:note:lemon, niche:note:musk, niche:note:rose, niche:note:sandalwood, niche:note:vanilla, niche:note:violet, niche:note:woody-accord, niche:season:autumn, niche:season:winter, niche:time:evening, niche:occasion:date-night, niche:occasion:signature-scent"
forbidden-fruit-by-niche-eau-de-parfum-inspired-by-kayalis-eden-juicy-apple,Forbidden Fruit — Eau de Parfum,female,"amber, apple, black-currant, floral-accord, fruity-accord, grapefruit, jasmine, moss, musk, raspberry, rose, vanilla",all-season,day-to-night,"everyday, date-night","niche:taxonomy:v1, niche:audience:female, niche:note:amber, niche:note:apple, niche:note:black-currant, niche:note:floral-accord, niche:note:fruity-accord, niche:note:grapefruit, niche:note:jasmine, niche:note:moss, niche:note:musk, niche:note:raspberry, niche:note:rose, niche:note:vanilla, niche:season:all-season, niche:time:day-to-night, niche:occasion:everyday, niche:occasion:date-night"
luce-di-roma-by-niche-eau-de-parfum-inspired-by-vs-born-in-rome,Luce di Roma — Eau de Parfum,female,"bergamot, black-currant, floral-accord, jasmine, pepper, smoke, vanilla, woody-accord","autumn, winter","day, evening","date-night, everyday","niche:taxonomy:v1, niche:audience:female, niche:note:bergamot, niche:note:black-currant, niche:note:floral-accord, niche:note:jasmine, niche:note:pepper, niche:note:smoke, niche:note:vanilla, niche:note:woody-accord, niche:season:autumn, niche:season:winter, niche:time:day, niche:time:evening, niche:occasion:date-night, niche:occasion:everyday"
vanille-intense-by-niche-eau-de-parfum-inspired-by-montales-dark-vanilla,Vanille Intense — Eau de Parfum,unisex,"amber, leather, oud, patchouli, resins, sandalwood, smoke, spicy-accord, vanilla, woody-accord","autumn, winter",evening,date-night,"niche:taxonomy:v1, niche:audience:unisex, niche:note:amber, niche:note:leather, niche:note:oud, niche:note:patchouli, niche:note:resins, niche:note:sandalwood, niche:note:smoke, niche:note:spicy-accord, niche:note:vanilla, niche:note:woody-accord, niche:season:autumn, niche:season:winter, niche:time:evening, niche:occasion:date-night"
hot-vanilla-by-niche-eau-de-parfum-inspired-by-tfs-vanilla-sex,Hot Vanilla — Eau de Parfum,unisex,"floral-accord, sandalwood, tonka-bean, vanilla","autumn, winter","evening, night","everyday, date-night","niche:taxonomy:v1, niche:audience:unisex, niche:note:floral-accord, niche:note:sandalwood, niche:note:tonka-bean, niche:note:vanilla, niche:season:autumn, niche:season:winter, niche:time:evening, niche:time:night, niche:occasion:everyday, niche:occasion:date-night"
delirium-by-niche-eau-de-parfum-inspired-by-latafas-khamrah,Delirium — Eau de Parfum,unisex,"amber, benzoin, bergamot, cinnamon, floral-accord, praline, resins, spicy-accord, tonka-bean, tuberose, vanilla, woody-accord","autumn, winter",day-to-night,"date-night, everyday","niche:taxonomy:v1, niche:audience:unisex, niche:note:amber, niche:note:benzoin, niche:note:bergamot, niche:note:cinnamon, niche:note:floral-accord, niche:note:praline, niche:note:resins, niche:note:spicy-accord, niche:note:tonka-bean, niche:note:tuberose, niche:note:vanilla, niche:note:woody-accord, niche:season:autumn, niche:season:winter, niche:time:day-to-night, niche:occasion:date-night, niche:occasion:everyday"
tonka-prive-by-niche-eau-de-parfum-inspired-by-montales-arabians-tonka,Tonka Prive — Eau de Parfum,unisex,"amber, bergamot, citrus-accord, floral-accord, moss, musk, oud, rose, saffron, smoke, spicy-accord, sugar-cane, tonka-bean","autumn, winter","evening, night","date-night, signature-scent","niche:taxonomy:v1, niche:audience:unisex, niche:note:amber, niche:note:bergamot, niche:note:citrus-accord, niche:note:floral-accord, niche:note:moss, niche:note:musk, niche:note:oud, niche:note:rose, niche:note:saffron, niche:note:smoke, niche:note:spicy-accord, niche:note:sugar-cane, niche:note:tonka-bean, niche:season:autumn, niche:season:winter, niche:time:evening, niche:time:night, niche:occasion:date-night, niche:occasion:signature-scent"
crimson-musk-by-niche-eau-de-parfum-inspired-by-montales-roses-musk,Crimson Musk — Eau de Parfum,female,"floral-accord, jasmine, musk, rose",all-season,"day, evening","date-night, signature-scent, everyday","niche:taxonomy:v1, niche:audience:female, niche:note:floral-accord, niche:note:jasmine, niche:note:musk, niche:note:rose, niche:season:all-season, niche:time:day, niche:time:evening, niche:occasion:date-night, niche:occasion:signature-scent, niche:occasion:everyday"
pure-bliss-by-niche-eau-de-parfum-inspired-by-xerjoffs-erba-pura,Pure Bliss — Eau de Parfum,unisex,"amber, bergamot, citrus-accord, fruity-accord, lemon, musk, vanilla",all-season,day-to-night,"everyday, special-occasion","niche:taxonomy:v1, niche:audience:unisex, niche:note:amber, niche:note:bergamot, niche:note:citrus-accord, niche:note:fruity-accord, niche:note:lemon, niche:note:musk, niche:note:vanilla, niche:season:all-season, niche:time:day-to-night, niche:occasion:everyday, niche:occasion:special-occasion"
lhomme-fatal-by-niche-eau-de-parfum-inspired-by-jpgs-le-male-elixir,L’Homme Fatal — Eau de Parfum,male,"benzoin, honey, lavender, resins, smoke, tobacco, tonka-bean, vanilla","autumn, winter","day, evening","date-night, everyday","niche:taxonomy:v1, niche:audience:male, niche:note:benzoin, niche:note:honey, niche:note:lavender, niche:note:resins, niche:note:smoke, niche:note:tobacco, niche:note:tonka-bean, niche:note:vanilla, niche:season:autumn, niche:season:winter, niche:time:day, niche:time:evening, niche:occasion:date-night, niche:occasion:everyday"
dolce-oud,Dolce Oud — Eau de Parfum,unisex,"cinnamon, oud, patchouli, smoke, spicy-accord, tobacco, vanilla","autumn, winter",evening,"everyday, date-night, special-occasion","niche:taxonomy:v1, niche:audience:unisex, niche:note:cinnamon, niche:note:oud, niche:note:patchouli, niche:note:smoke, niche:note:spicy-accord, niche:note:tobacco, niche:note:vanilla, niche:season:autumn, niche:season:winter, niche:time:evening, niche:occasion:everyday, niche:occasion:date-night, niche:occasion:special-occasion"
the-yachter-by-niche-eau-de-parfum,The Yachter — Eau de Parfum,male,"amber, cedar, clove, coffee, green-notes, marine-accord, musk, spicy-accord, woody-accord","spring, summer",day-to-night,"office, everyday","niche:taxonomy:v1, niche:audience:male, niche:note:amber, niche:note:cedar, niche:note:clove, niche:note:coffee, niche:note:green-notes, niche:note:marine-accord, niche:note:musk, niche:note:spicy-accord, niche:note:woody-accord, niche:season:spring, niche:season:summer, niche:time:day-to-night, niche:occasion:office, niche:occasion:everyday"
knight-by-niche-eau-de-parfum,Knight — Eau de Parfum,male,"ambroxan, bergamot, cinnamon, citrus-accord, floral-accord, jasmine, lavender, mandarin, musk, violet, woody-accord",all-season,evening,"office, date-night","niche:taxonomy:v1, niche:audience:male, niche:note:ambroxan, niche:note:bergamot, niche:note:cinnamon, niche:note:citrus-accord, niche:note:floral-accord, niche:note:jasmine, niche:note:lavender, niche:note:mandarin, niche:note:musk, niche:note:violet, niche:note:woody-accord, niche:season:all-season, niche:time:evening, niche:occasion:office, niche:occasion:date-night"
pedigree-by-niche-eau-de-parfum,Pedigree — Eau de Parfum,male,"bergamot, cedar, citrus-accord, lavender, oud, praline, saffron, sage, woody-accord",all-season,day-to-night,"signature-scent, everyday","niche:taxonomy:v1, niche:audience:male, niche:note:bergamot, niche:note:cedar, niche:note:citrus-accord, niche:note:lavender, niche:note:oud, niche:note:praline, niche:note:saffron, niche:note:sage, niche:note:woody-accord, niche:season:all-season, niche:time:day-to-night, niche:occasion:signature-scent, niche:occasion:everyday"
cerise-fumee-by-niche-eau-de-parfum,Cerise Fumée — Eau de Parfum,unisex,"cherry, leather, saffron, smoke, woody-accord",winter,evening,"everyday, date-night","niche:taxonomy:v1, niche:audience:unisex, niche:note:cherry, niche:note:leather, niche:note:saffron, niche:note:smoke, niche:note:woody-accord, niche:season:winter, niche:time:evening, niche:occasion:everyday, niche:occasion:date-night"
sinful-by-niche-eau-de-parfum,Sinful — Eau de Parfum,female,"caramel, citrus-accord, floral-accord, gardenia, honey, jasmine, mandarin, neroli, patchouli, peach",all-season,day-to-night,"date-night, everyday","niche:taxonomy:v1, niche:audience:female, niche:note:caramel, niche:note:citrus-accord, niche:note:floral-accord, niche:note:gardenia, niche:note:honey, niche:note:jasmine, niche:note:mandarin, niche:note:neroli, niche:note:patchouli, niche:note:peach, niche:season:all-season, niche:time:day-to-night, niche:occasion:date-night, niche:occasion:everyday"
egoccentric-by-niche-eau-de-parfum,Egocentric — Eau de Parfum,male,"bergamot, citrus-accord, floral-accord, neroli, patchouli, woody-accord",all-season,day-to-night,"everyday, date-night, signature-scent","niche:taxonomy:v1, niche:audience:male, niche:note:bergamot, niche:note:citrus-accord, niche:note:floral-accord, niche:note:neroli, niche:note:patchouli, niche:note:woody-accord, niche:season:all-season, niche:time:day-to-night, niche:occasion:everyday, niche:occasion:date-night, niche:occasion:signature-scent"
untamed-by-niche-eau-de-parfum,Untamed — Eau de Parfum,male,"ambroxan, bergamot, cedar, lavender, patchouli, pepper, resins, spicy-accord, vetiver, woody-accord","autumn, winter","day, evening","signature-scent, everyday","niche:taxonomy:v1, niche:audience:male, niche:note:ambroxan, niche:note:bergamot, niche:note:cedar, niche:note:lavender, niche:note:patchouli, niche:note:pepper, niche:note:resins, niche:note:spicy-accord, niche:note:vetiver, niche:note:woody-accord, niche:season:autumn, niche:season:winter, niche:time:day, niche:time:evening, niche:occasion:signature-scent, niche:occasion:everyday"
kinky-by-niche-eau-de-parfum,Kinky — Eau de Parfum,unisex,"black-currant, floral-accord, fruity-accord, lily, musk, patchouli, peach, pear, raspberry, sandalwood, vanilla, woody-accord","autumn, winter",day-to-night,"date-night, signature-scent, everyday","niche:taxonomy:v1, niche:audience:unisex, niche:note:black-currant, niche:note:floral-accord, niche:note:fruity-accord, niche:note:lily, niche:note:musk, niche:note:patchouli, niche:note:peach, niche:note:pear, niche:note:raspberry, niche:note:sandalwood, niche:note:vanilla, niche:note:woody-accord, niche:season:autumn, niche:season:winter, niche:time:day-to-night, niche:occasion:date-night, niche:occasion:signature-scent, niche:occasion:everyday"
classy-sassy-coco-by-niche-eau-de-parfum,Classy Sassy Coco — Eau de Parfum,female,"bergamot, floral-accord, jasmine, mandarin, musk, neroli, patchouli, rose, tonka-bean, vanilla, vetiver, ylang-ylang",all-season,day-to-night,"everyday, signature-scent","niche:taxonomy:v1, niche:audience:female, niche:note:bergamot, niche:note:floral-accord, niche:note:jasmine, niche:note:mandarin, niche:note:musk, niche:note:neroli, niche:note:patchouli, niche:note:rose, niche:note:tonka-bean, niche:note:vanilla, niche:note:vetiver, niche:note:ylang-ylang, niche:season:all-season, niche:time:day-to-night, niche:occasion:everyday, niche:occasion:signature-scent"
silk-road-by-niche-eau-de-parfum,Silk Road — Eau de Parfum,unisex,"cedar, floral-accord, oud, patchouli, resins, rose, saffron, sandalwood, smoke, spicy-accord, woody-accord","autumn, winter",day-to-night,"date-night, special-occasion","niche:taxonomy:v1, niche:audience:unisex, niche:note:cedar, niche:note:floral-accord, niche:note:oud, niche:note:patchouli, niche:note:resins, niche:note:rose, niche:note:saffron, niche:note:sandalwood, niche:note:smoke, niche:note:spicy-accord, niche:note:woody-accord, niche:season:autumn, niche:season:winter, niche:time:day-to-night, niche:occasion:date-night, niche:occasion:special-occasion"
pineapple-express-by-niche-eau-de-parfum,Pineapple Express — Eau de Parfum,unisex,"floral-accord, fruity-accord, iris, jasmine, musk, patchouli, pepper, pineapple, spicy-accord, vanilla, vetiver, woody-accord","autumn, winter","day, evening","date-night, special-occasion","niche:taxonomy:v1, niche:audience:unisex, niche:note:floral-accord, niche:note:fruity-accord, niche:note:iris, niche:note:jasmine, niche:note:musk, niche:note:patchouli, niche:note:pepper, niche:note:pineapple, niche:note:spicy-accord, niche:note:vanilla, niche:note:vetiver, niche:note:woody-accord, niche:season:autumn, niche:season:winter, niche:time:day, niche:time:evening, niche:occasion:date-night, niche:occasion:special-occasion"
le-bleu-by-niche-eau-de-parfum,Le Bleu — Eau de Parfum,male,"cedar, citrus-accord, ginger, grapefruit, incense, jasmine, lemon, musk, patchouli, pepper, resins, sandalwood, smoke, spicy-accord, vetiver, woody-accord","autumn, winter",day-to-night,"office, everyday, signature-scent","niche:taxonomy:v1, niche:audience:male, niche:note:cedar, niche:note:citrus-accord, niche:note:ginger, niche:note:grapefruit, niche:note:incense, niche:note:jasmine, niche:note:lemon, niche:note:musk, niche:note:patchouli, niche:note:pepper, niche:note:resins, niche:note:sandalwood, niche:note:smoke, niche:note:spicy-accord, niche:note:vetiver, niche:note:woody-accord, niche:season:autumn, niche:season:winter, niche:time:day-to-night, niche:occasion:office, niche:occasion:everyday, niche:occasion:signature-scent"
bolder-by-niche-eau-de-parfum,Bolder — Eau de Parfum,male,"cardamom, sage, smoke, spicy-accord, vanilla, violet","autumn, winter",evening,"date-night, signature-scent","niche:taxonomy:v1, niche:audience:male, niche:note:cardamom, niche:note:sage, niche:note:smoke, niche:note:spicy-accord, niche:note:vanilla, niche:note:violet, niche:season:autumn, niche:season:winter, niche:time:evening, niche:occasion:date-night, niche:occasion:signature-scent"
libertas-by-niche-eau-de-parfum,Libertas — Eau de Parfum,female,"ambergris, black-currant, cedar, citrus-accord, floral-accord, fruity-accord, jasmine, lavender, mandarin, musk, neroli, vanilla",all-season,"day, evening","date-night, party, signature-scent, everyday","niche:taxonomy:v1, niche:audience:female, niche:note:ambergris, niche:note:black-currant, niche:note:cedar, niche:note:citrus-accord, niche:note:floral-accord, niche:note:fruity-accord, niche:note:jasmine, niche:note:lavender, niche:note:mandarin, niche:note:musk, niche:note:neroli, niche:note:vanilla, niche:season:all-season, niche:time:day, niche:time:evening, niche:occasion:date-night, niche:occasion:party, niche:occasion:signature-scent, niche:occasion:everyday"
the-night-by-niche-eau-de-parfum,Mardi Gras — Eau de Parfum,unisex,"amber, benzoin, cedar, lavender, musk, resins, tonka-bean, vanilla","autumn, winter","evening, night",everyday,"niche:taxonomy:v1, niche:audience:unisex, niche:note:amber, niche:note:benzoin, niche:note:cedar, niche:note:lavender, niche:note:musk, niche:note:resins, niche:note:tonka-bean, niche:note:vanilla, niche:season:autumn, niche:season:winter, niche:time:evening, niche:time:night, niche:occasion:everyday"
vanilla-rose-by-niche-eau-de-parfum,Vanilla Blossom — Eau de Parfum,female,"cedar, citrus-accord, floral-accord, lemon, musk, rose, vanilla, woody-accord",all-season,day-to-night,"date-night, everyday","niche:taxonomy:v1, niche:audience:female, niche:note:cedar, niche:note:citrus-accord, niche:note:floral-accord, niche:note:lemon, niche:note:musk, niche:note:rose, niche:note:vanilla, niche:note:woody-accord, niche:season:all-season, niche:time:day-to-night, niche:occasion:date-night, niche:occasion:everyday"
magnum-by-niche-eau-de-parfum,Magnum — Eau de Parfum,male,"ambroxan, apple, bergamot, black-currant, cedar, citrus-accord, fruity-accord, jasmine, lemon, moss, musk, patchouli, pepper, pineapple, smoke, woody-accord",all-season,day-to-night,"everyday, signature-scent","niche:taxonomy:v1, niche:audience:male, niche:note:ambroxan, niche:note:apple, niche:note:bergamot, niche:note:black-currant, niche:note:cedar, niche:note:citrus-accord, niche:note:fruity-accord, niche:note:jasmine, niche:note:lemon, niche:note:moss, niche:note:musk, niche:note:patchouli, niche:note:pepper, niche:note:pineapple, niche:note:smoke, niche:note:woody-accord, niche:season:all-season, niche:time:day-to-night, niche:occasion:everyday, niche:occasion:signature-scent"
malibu-by-niche-eau-de-parfum,Malibu — Eau de Parfum,unisex,"coconut, floral-accord, jasmine, musk, peach, vanilla, woody-accord, ylang-ylang",summer,"day, evening","casual, everyday","niche:taxonomy:v1, niche:audience:unisex, niche:note:coconut, niche:note:floral-accord, niche:note:jasmine, niche:note:musk, niche:note:peach, niche:note:vanilla, niche:note:woody-accord, niche:note:ylang-ylang, niche:season:summer, niche:time:day, niche:time:evening, niche:occasion:casual, niche:occasion:everyday"
cognac-by-niche-eau-de-parfum,Cognac — Eau de Parfum,unisex,"cinnamon, praline, rum, sandalwood, tonka-bean, vanilla, woody-accord","autumn, winter",evening,"office, date-night, formal","niche:taxonomy:v1, niche:audience:unisex, niche:note:cinnamon, niche:note:praline, niche:note:rum, niche:note:sandalwood, niche:note:tonka-bean, niche:note:vanilla, niche:note:woody-accord, niche:season:autumn, niche:season:winter, niche:time:evening, niche:occasion:office, niche:occasion:date-night, niche:occasion:formal"
delilah-by-niche-eau-de-parfum,Delilah — Eau de Parfum,female,"bergamot, cedar, floral-accord, incense, musk, rose, vanilla, vetiver, woody-accord","autumn, winter","evening, night","date-night, signature-scent","niche:taxonomy:v1, niche:audience:female, niche:note:bergamot, niche:note:cedar, niche:note:floral-accord, niche:note:incense, niche:note:musk, niche:note:rose, niche:note:vanilla, niche:note:vetiver, niche:note:woody-accord, niche:season:autumn, niche:season:winter, niche:time:evening, niche:time:night, niche:occasion:date-night, niche:occasion:signature-scent"
le-rouge-by-niche-100-ml,Le Rouge — Eau de Parfum,unisex,"ambergris, ambroxan, cedar, floral-accord, jasmine, moss, resins, saffron, spicy-accord, woody-accord","autumn, winter","evening, night","date-night, special-occasion","niche:taxonomy:v1, niche:audience:unisex, niche:note:ambergris, niche:note:ambroxan, niche:note:cedar, niche:note:floral-accord, niche:note:jasmine, niche:note:moss, niche:note:resins, niche:note:saffron, niche:note:spicy-accord, niche:note:woody-accord, niche:season:autumn, niche:season:winter, niche:time:evening, niche:time:night, niche:occasion:date-night, niche:occasion:special-occasion"
